{
"apiVersion": "V2",
"assemblies": [
{
  "files": [
    {
      "filePath": "data_summary.tsv",
      "fileType": "DATA_TABLE",
      "uncompressedLengthBytes": "405"
    },
    {
      "filePath": "assembly_data_report.jsonl",
      "fileType": "DATA_REPORT",
      "uncompressedLengthBytes": "4179"
    }
  ]
},{
  "accession": "GCA_032332035.2",
  "files": [
    {
      "filePath": "GCA_032332035.2/GCA_032332035.2_PDT001830776.2_genomic.fna",
      "fileType": "GENOMIC_NUCLEOTIDE_FASTA",
      "uncompressedLengthBytes": "2906814"
    }
  ]
}]}
