{
"apiVersion": "V2",
"assemblies": [
{
  "files": [
    {
      "filePath": "data_summary.tsv",
      "fileType": "DATA_TABLE",
      "uncompressedLengthBytes": "513"
    },
    {
      "filePath": "assembly_data_report.jsonl",
      "fileType": "DATA_REPORT",
      "uncompressedLengthBytes": "7251"
    }
  ]
},{
  "accession": "GCA_043844895.1",
  "files": [
    {
      "filePath": "GCA_043844895.1/GCA_043844895.1_ASM4384489v1_genomic.fna",
      "fileType": "GENOMIC_NUCLEOTIDE_FASTA",
      "uncompressedLengthBytes": "2789777"
    }
  ]
},{
  "accession": "GCF_043844895.1",
  "files": [
    {
      "filePath": "GCF_043844895.1/GCF_043844895.1_ASM4384489v1_genomic.fna",
      "fileType": "GENOMIC_NUCLEOTIDE_FASTA",
      "uncompressedLengthBytes": "2789873"
    }
  ]
}]}
