{
"apiVersion": "V2",
"assemblies": [
{
  "files": [
    {
      "filePath": "data_summary.tsv",
      "fileType": "DATA_TABLE",
      "uncompressedLengthBytes": "405"
    },
    {
      "filePath": "assembly_data_report.jsonl",
      "fileType": "DATA_REPORT",
      "uncompressedLengthBytes": "4122"
    }
  ]
},{
  "accession": "GCA_040254855.1",
  "files": [
    {
      "filePath": "GCA_040254855.1/GCA_040254855.1_BSN50_Closure_genomic.fna",
      "fileType": "GENOMIC_NUCLEOTIDE_FASTA",
      "uncompressedLengthBytes": "2942256"
    }
  ]
}]}
