{
"apiVersion": "V2",
"assemblies": [
{
  "files": [
    {
      "filePath": "data_summary.tsv",
      "fileType": "DATA_TABLE",
      "uncompressedLengthBytes": "509"
    },
    {
      "filePath": "assembly_data_report.jsonl",
      "fileType": "DATA_REPORT",
      "uncompressedLengthBytes": "7237"
    }
  ]
},{
  "accession": "GCA_043844915.1",
  "files": [
    {
      "filePath": "GCA_043844915.1/GCA_043844915.1_ASM4384491v1_genomic.fna",
      "fileType": "GENOMIC_NUCLEOTIDE_FASTA",
      "uncompressedLengthBytes": "2791307"
    }
  ]
},{
  "accession": "GCF_043844915.1",
  "files": [
    {
      "filePath": "GCF_043844915.1/GCF_043844915.1_ASM4384491v1_genomic.fna",
      "fileType": "GENOMIC_NUCLEOTIDE_FASTA",
      "uncompressedLengthBytes": "2791391"
    }
  ]
}]}
