{
"apiVersion": "V2",
"assemblies": [
{
  "files": [
    {
      "filePath": "data_summary.tsv",
      "fileType": "DATA_TABLE",
      "uncompressedLengthBytes": "404"
    },
    {
      "filePath": "assembly_data_report.jsonl",
      "fileType": "DATA_REPORT",
      "uncompressedLengthBytes": "4229"
    }
  ]
},{
  "accession": "GCA_032332015.2",
  "files": [
    {
      "filePath": "GCA_032332015.2/GCA_032332015.2_PDT001830777.2_genomic.fna",
      "fileType": "GENOMIC_NUCLEOTIDE_FASTA",
      "uncompressedLengthBytes": "2994580"
    }
  ]
}]}
