{
"apiVersion": "V2",
"assemblies": [
{
  "files": [
    {
      "filePath": "data_summary.tsv",
      "fileType": "DATA_TABLE",
      "uncompressedLengthBytes": "405"
    },
    {
      "filePath": "assembly_data_report.jsonl",
      "fileType": "DATA_REPORT",
      "uncompressedLengthBytes": "4233"
    }
  ]
},{
  "accession": "GCA_031835035.2",
  "files": [
    {
      "filePath": "GCA_031835035.2/GCA_031835035.2_PDT001845656.2_genomic.fna",
      "fileType": "GENOMIC_NUCLEOTIDE_FASTA",
      "uncompressedLengthBytes": "2980018"
    }
  ]
}]}
