{
"apiVersion": "V2",
"assemblies": [
{
  "files": [
    {
      "filePath": "data_summary.tsv",
      "fileType": "DATA_TABLE",
      "uncompressedLengthBytes": "405"
    },
    {
      "filePath": "assembly_data_report.jsonl",
      "fileType": "DATA_REPORT",
      "uncompressedLengthBytes": "4233"
    }
  ]
},{
  "accession": "GCA_032331175.2",
  "files": [
    {
      "filePath": "GCA_032331175.2/GCA_032331175.2_PDT001830847.2_genomic.fna",
      "fileType": "GENOMIC_NUCLEOTIDE_FASTA",
      "uncompressedLengthBytes": "3035688"
    }
  ]
}]}
